networks,1,2,3,4,5
Visual,2.41307015588095,2.27622768112382,3.42788355613812,3.05309388046345,1.41249020098503
Somatomotor,1.63650945389101,1.60325967445705,1.5868461289746,1.89400793835552,1.09502499506498
Dorsal Attention,1.6629874126197,1.54554731982238,2.05628910484003,2.31313576128937,0.86037140588917
Ventral Attention,1.59599709154356,1.55888661110698,1.34766287090078,1.30376983520762,1.46262495526639
Default,2.07477243228146,2.14901369014891,1.81596069100666,1.68520109200913,2.39558402681295
Frontoparietal,1.57134369769065,1.75867680585666,1.45860686541268,1.56639355439387,1.39271332666346
Limbic,4.29353646302036,4.26343757748198,4.14606523695509,2.72641923569236,3.89937063334025
