networks,clust1,clust2,clust3,clust4,clust5
Visual,2.413070155880952,2.2762276811238196,3.427883556138122,3.0530938804634453,1.4124902009850298
Somatomotor,1.6365094538910148,1.6032596744570475,1.5868461289746039,1.8940079383555244,1.0950249950649842
Dorsal Attention,1.6629874126196995,1.5455473198223761,2.0562891048400256,2.313135761289375,0.8603714058891696
Ventral Attention,1.5959970915435573,1.5588866111069837,1.3476628709007838,1.3037698352076192,1.4626249552663855
Default,2.074772432281457,2.1490136901489096,1.8159606910066608,1.6852010920091252,2.395584026812952
Frontoparietal,1.5713436976906456,1.7586768058566615,1.4586068654126834,1.566393554393874,1.392713326663457
Limbic,4.293536463020356,4.263437577481976,4.146065236955094,2.726419235692359,3.8993706333402534
